order_id,customer_id,order_date,amount,currency
1,1030,2023/01/17,263.68,EUR
2,1154,2023-01-07,293.81,JPY
3,1042,03-01-2023,132.1,EUR
4,5765,01-01-2023,480.14,USD
5,1033,2023/01/10,414.63,JPY
6,1025,18-01-2023,264.84,GBP
7,1057,04-01-2023,300.03,JPY
8,1050,09-01-2023,171.92,USD
9,1073,2023-01-21,60.85,JPY
10,9030,2023-01-11,invalid,EUR
11,1076,2023/01/30,304.48,USD
12,1068,2023-01-05,267.93,USD
13,1039,2023-01-08,68.12,GBP
14,1139,09-01-2023,404.9,USD
15,1067,2023-01-06,59.23,USD
16,1153,2023-01-27,388.46,GBP
17,1108,2023/01/27,invalid,USD
18,1085,2023/01/02,385.29,GBP
19,1150,2023-01-11,89.87,JPY
20,9427,09-01-2023,349.69,GBP
21,1165,2023/01/26,34.04,JPY
22,7595,2023/01/19,282.44,JPY
23,1091,22-01-2023,428.34,EUR
24,1080,2023/01/18,376.11,GBP
25,1190,2023-01-01,242.42,USD
26,1093,2023/01/18,56.24,USD
27,1133u,2023/01/23,444.12,USD
28,1160,10-01-2023,,GBP
29,1165,2023-01-19,400.24,JPY
30,1116,2023-01-10,invalid,USD
31,1142,2023-01-19,120.78,GBP
32,1022,2023/01/02,invalid,USD
33,1016,2023/01/02,201.19,JPY
34,8757,2023/01/30,369.52,JPY
35,1174,2023-01-23,487.2,JPY
36,1044,2023-01-05,443.83,JPY
37,1144,2023-01-13,147.58,GBP
38,6030,2023/01/15,235.99,USD
39,1054w,2023-01-25,207.83,USD
40,1184,2023/01/19,,GBP
41,1077,2023/01/30,87.21,EUR
42,8112,2023/01/01,,JPY
43,1069,2023-01-27,75.75,JPY
44,1191,2023-01-26,470.9,USD
45,1098,2023-01-10,349.98,USD
46,1116,2023/01/26,179.77,GBP
47,1135,2023-01-14,174.23,USD
48,1156g,2023/01/27,,JPY
49,7278,2023-01-23,386.33,EUR
50,1036,2023-01-19,403.96,JPY
51,1118,24-01-2023,48.31,USD
52,1118,30-01-2023,437.16,JPY
53,1018,2023-01-17,214.72,JPY
54,1040,2023-01-25,103.68,USD
55,1021,2023/01/07,438.37,JPY
56,1110q,2023/01/07,11.64,EUR
57,1062,2023-01-19,invalid,USD
58,1178,2023/01/02,178.9,GBP
59,1138,30-01-2023,61.96,GBP
60,5778,2023-01-14,,GBP
61,1040,2023/01/16,32.76,GBP
62,1179,2023-01-05,13.4,JPY
63,1175,20-01-2023,456.09,JPY
64,1093a,2023-01-25,274.98,JPY
65,1197,19-01-2023,104.99,JPY
66,1181,16-01-2023,165.96,JPY
67,1170o,2023-01-30,396.41,JPY
68,1024,12-01-2023,236.45,JPY
69,1129,2023-01-03,136.33,EUR
70,1014,25-01-2023,,USD
71,1079,26-01-2023,167.83,EUR
72,1154,27-01-2023,,JPY
73,1196,27-01-2023,360.66,USD
74,1077,2023-01-29,236.04,JPY
75,1087,27-01-2023,59.6,GBP
76,1016,2023-01-27,280.53,EUR
77,1161,25-01-2023,153.55,EUR
78,1020,2023-01-18,421.94,EUR
79,1117,2023/01/22,255.76,JPY
80,5505,11-01-2023,148.82,EUR
81,1102,06-01-2023,30.58,JPY
82,1181,2023-01-31,235.64,EUR
83,6868,19-01-2023,invalid,JPY
84,1035,30-01-2023,255.47,GBP
85,1124,2023/01/14,,JPY
86,1198,03-01-2023,207.94,EUR
87,1165,2023-01-23,,JPY
88,7314,2023-01-01,487.23,GBP
89,1012,01-01-2023,46.11,JPY
90,1151,27-01-2023,invalid,GBP
91,1140,2023/01/29,443.3,EUR
92,3930,2023-01-15,285.07,JPY
93,1163,2023/01/11,,EUR
94,1020,2023-01-23,335.87,EUR
95,9827,2023/01/07,307.84,EUR
96,1190,15-01-2023,250.85,JPY
97,1168,2023-01-30,417.07,GBP
98,1123,2023/01/25,488.73,JPY
99,1081,18-01-2023,243.37,GBP
100,1079,2023-01-12,192.14,GBP
101,1087,2023-01-25,288.23,GBP
102,1157p,2023/01/22,476.81,USD
103,1003,2023/01/05,111.82,USD
104,6825,2023-01-16,43.3,GBP
105,1089,2023-01-16,209.72,EUR
106,1179,22-01-2023,104.7,JPY
107,1128,28-01-2023,253.68,JPY
108,1175,2023/01/31,399.34,JPY
109,1043,23-01-2023,14.49,USD
110,1034,2023-01-27,95.97,USD
111,1046,09-01-2023,208.3,GBP
112,1128c,2023/01/12,45.16,EUR
113,1015g,2023-01-05,315.53,JPY
114,1025,2023-01-24,62.94,GBP
115,1055,14-01-2023,16.9,GBP
116,1047,2023-01-20,,GBP
117,1057,2023/01/28,invalid,EUR
118,1192,13-01-2023,332.47,JPY
119,1046,2023-01-16,105.87,GBP
120,1033,2023/01/18,,EUR
121,1197,2023-01-29,49.56,USD
122,3673,2023/01/24,invalid,JPY
123,1168,2023-01-22,345.38,EUR
124,1073,2023/01/21,307.15,EUR
125,1137g,22-01-2023,,EUR
126,1034,19-01-2023,131.99,JPY
127,1121,2023-01-01,379.4,EUR
128,1189,2023-01-26,174.1,EUR
129,1007,2023-01-29,137.12,GBP
130,1159,2023-01-20,311.1,USD
131,1187,2023-01-13,239.01,EUR
132,1108,2023-01-27,208.69,GBP
133,1075,18-01-2023,493.12,GBP
134,1180,13-01-2023,invalid,JPY
135,1089,2023/01/26,94.65,GBP
136,1044,2023-01-22,,JPY
137,3655,2023/01/05,177.2,USD
138,1163,2023-01-21,259.72,USD
139,1137g,2023/01/27,498.16,JPY
140,9278,18-01-2023,47.88,USD
141,1023,2023/01/07,243.15,GBP
142,1054w,2023-01-15,239.17,GBP
143,1143,2023-01-10,390.46,EUR
144,1028,2023-01-08,136.2,JPY
145,1047,31-01-2023,278.51,JPY
146,1109,2023-01-20,305.23,JPY
147,1128,2023/01/05,343.37,USD
148,1013,31-01-2023,264.65,JPY
149,1041,2023/01/07,72.53,GBP
150,1193,2023-01-22,417.49,EUR
151,1129,2023/01/10,370.7,JPY
152,1165,20-01-2023,,EUR
153,1129,12-01-2023,267.95,JPY
154,1050,2023/01/22,154.88,JPY
155,1049,14-01-2023,219.44,GBP
156,1114,07-01-2023,17.14,GBP
157,1193,2023-01-12,343.82,JPY
158,1150,2023/01/27,200.55,EUR
159,1061,2023/01/01,89.56,JPY
160,1082,2023/01/18,467.55,GBP
161,1021,2023/01/16,293.62,JPY
162,9012,2023-01-22,318.99,GBP
163,1173,22-01-2023,102.56,GBP
164,1014,2023/01/06,,USD
165,1094,2023-01-17,29.64,EUR
166,1118,2023-01-02,275.48,EUR
167,1144,2023-01-12,268.89,GBP
168,1058,03-01-2023,433.6,GBP
169,1198,2023/01/18,449.49,JPY
170,1129,2023/01/25,397.37,JPY
171,1041,2023-01-24,188.88,JPY
172,1124,2023-01-06,19.75,GBP
173,8641,10-01-2023,483.96,EUR
174,1056,15-01-2023,350.55,GBP
175,1145,2023/01/30,,JPY
176,1123,09-01-2023,449.69,JPY
177,1068s,2023-01-13,368.7,GBP
178,1058,28-01-2023,159.46,USD
179,9843,01-01-2023,481.99,GBP
180,1047,2023/01/17,invalid,JPY
181,1039,2023/01/26,425.07,JPY
182,1181,2023-01-08,324.68,EUR
183,1127,07-01-2023,invalid,GBP
184,1157,2023-01-16,216.55,JPY
185,8720,2023/01/21,,GBP
186,1068,28-01-2023,325.62,GBP
187,1152,2023/01/25,478.96,JPY
188,1131,2023/01/03,324.65,JPY
189,1029,2023/01/29,180.34,GBP
190,1129,2023-01-02,388.44,JPY
191,1122,2023-01-31,119.45,JPY
192,1044,2023-01-07,144.56,JPY
193,1105,2023-01-21,275.42,EUR
194,1171,23-01-2023,279.09,GBP
195,1147x,2023/01/08,168.36,USD
196,9634,31-01-2023,436.51,USD
197,6458,2023/01/12,,GBP
198,1173,2023-01-27,,JPY
199,1025,2023-01-03,90.86,JPY
200,1163,14-01-2023,354.77,USD
201,1075,2023-01-01,200.22,JPY
202,1046f,2023-01-13,invalid,JPY
203,1189,2023/01/19,,USD
204,1176,2023-01-11,406.36,USD
205,1180,2023/01/11,65.31,GBP
206,1035,2023/01/31,293.64,JPY
207,1160,2023-01-04,221.67,GBP
208,1018,2023/01/22,147.09,EUR
209,1120,14-01-2023,290.96,EUR
210,1100,2023-01-11,invalid,GBP
211,1003,22-01-2023,208.8,EUR
212,1183,2023-01-10,258.41,GBP
213,1037,10-01-2023,51.87,JPY
214,1142,2023/01/29,231.85,JPY
215,1108,2023/01/07,316.89,EUR
216,1100,2023-01-31,invalid,JPY
217,7022,2023-01-15,31.3,USD
218,1189,16-01-2023,166.48,GBP
219,1187,2023-01-21,12.83,USD
220,3125,29-01-2023,invalid,EUR
221,1143,09-01-2023,13.93,USD
222,1170o,2023/01/29,89.22,GBP
223,1131,18-01-2023,238.37,JPY
224,1046,2023/01/09,475.78,GBP
225,1066,17-01-2023,218.88,JPY
226,1158,12-01-2023,106.07,JPY
227,1172,20-01-2023,465.93,JPY
228,1197,2023-01-17,100.71,JPY
229,1084,2023-01-28,445.12,JPY
230,1064,2023-01-04,294.52,JPY
231,1115,2023-01-05,67.91,JPY
232,1124,2023/01/28,231.98,USD
233,1076,17-01-2023,183.99,GBP
234,1071,2023-01-24,335.17,GBP
235,1116,2023-01-30,336.03,JPY
236,6787,2023/01/11,104.15,EUR
237,1057,08-01-2023,239.14,GBP
238,1054w,2023-01-30,255.05,GBP
239,1064,2023/01/15,190.36,JPY
240,9090,2023-01-25,,JPY
241,1049,2023/01/31,,EUR
242,5721,17-01-2023,401.47,JPY
243,1128c,01-01-2023,471.79,JPY
244,1000,2023-01-12,205.19,EUR
245,7281,2023/01/18,invalid,JPY
246,1066,2023/01/24,365.9,JPY
247,1072,2023-01-22,,GBP
248,1002,2023/01/10,,JPY
249,1009,2023-01-28,149.78,JPY
250,1014,04-01-2023,308.73,GBP
251,1166,2023/01/13,395.9,USD
252,1043,2023/01/09,391.88,JPY
253,1077,2023/01/06,284.23,JPY
254,8843,2023/01/08,205.09,JPY
255,8545,2023-01-28,64.49,GBP
256,1159,2023-01-23,446.31,JPY
257,1055,2023-01-30,488.88,EUR
258,1117,2023/01/08,25.85,USD
259,1118,2023-01-10,242.1,GBP
260,6952,29-01-2023,419.35,GBP
261,1062,2023/01/11,431.1,GBP
262,1193,2023-01-03,313.65,GBP
263,1014,2023/01/13,124.02,JPY
264,1094,2023-01-17,,JPY
265,1146,2023/01/09,425.13,USD
266,7642,2023-01-03,19.64,JPY
267,1028,2023-01-20,245.14,JPY
268,1058,27-01-2023,177.67,GBP
269,1138,2023-01-09,41.77,GBP
270,1051,2023/01/30,,GBP
271,1036,12-01-2023,,JPY
272,1103,31-01-2023,304.51,GBP
273,1161,2023-01-13,459.61,USD
274,5451,2023-01-20,385.3,GBP
275,1009,08-01-2023,22.68,JPY
276,1090,19-01-2023,465.61,USD
277,1007,2023/01/28,84.19,EUR
278,1108,2023-01-26,75.71,JPY
279,1143,16-01-2023,432.78,JPY
280,1104,10-01-2023,386.96,EUR
281,3217,2023/01/14,261.04,JPY
282,1132,2023/01/12,invalid,JPY
283,1180,22-01-2023,406.77,USD
284,1073,20-01-2023,473.51,GBP
285,1145,08-01-2023,invalid,GBP
286,1144,2023/01/14,362.57,GBP
287,1154f,23-01-2023,,GBP
288,1097,2023-01-30,398.75,JPY
289,9820,2023-01-14,94.87,JPY
290,1150,2023/01/10,57.41,EUR
291,1062,2023-01-20,324.86,JPY
292,1158,05-01-2023,479.42,GBP
293,1135,2023/01/14,115.27,JPY
294,1173,2023-01-06,76.82,JPY
295,1137g,31-01-2023,13.64,GBP
296,1128,2023/01/23,141.74,USD
297,1190,2023/01/19,167.65,GBP
298,1104,2023/01/19,141.62,JPY
299,1159,09-01-2023,190.83,USD
300,1008,2023-01-21,406.46,JPY
301,1182,18-01-2023,23.52,JPY
302,1144,12-01-2023,,JPY
303,1078,2023/01/06,227.34,USD
304,1152,2023/01/28,263.82,JPY
305,1014,2023/01/14,380.65,EUR
306,9156,2023-01-14,284.24,USD
307,1136,01-01-2023,301.04,JPY
308,1088,06-01-2023,96.7,USD
309,8762,2023-01-26,179.3,GBP
310,1037,2023/01/03,391.49,EUR
311,1169,2023-01-31,invalid,USD
312,1180,2023/01/30,401.0,GBP
313,1093a,19-01-2023,267.46,GBP
314,1042,23-01-2023,92.73,USD
315,1012,2023/01/27,,USD
316,1115,2023-01-15,,EUR
317,1163,2023/01/18,449.15,JPY
318,1051,2023-01-10,285.4,JPY
319,1184,2023/01/19,67.36,GBP
320,4530,2023-01-05,481.55,USD
321,1071,2023-01-19,293.15,USD
322,1116,2023/01/15,125.01,GBP
323,1108,17-01-2023,178.52,USD
324,1128c,2023-01-05,265.36,EUR
325,1018,2023-01-08,346.98,JPY
326,1136,2023-01-14,,GBP
327,1144,22-01-2023,287.82,GBP
328,1156,30-01-2023,247.6,JPY
329,1015g,22-01-2023,invalid,USD
330,1125,03-01-2023,123.77,EUR
331,1045,2023/01/27,316.5,JPY
332,1140,2023/01/09,192.7,JPY
333,1020,2023-01-30,410.83,USD
334,1151,2023/01/21,193.94,USD
335,1006,05-01-2023,450.97,JPY
336,1046,20-01-2023,448.29,JPY
337,1151,2023-01-23,243.17,EUR
338,1176,2023-01-13,53.21,JPY
339,1127,01-01-2023,287.74,USD
340,1014,2023/01/27,90.67,GBP
341,1143,2023/01/08,460.65,GBP
342,7209,2023-01-20,248.69,GBP
343,1161,03-01-2023,437.53,JPY
344,1093,29-01-2023,142.16,JPY
345,1057,18-01-2023,148.98,GBP
346,3382,20-01-2023,,USD
347,1113,2023-01-11,353.74,EUR
348,1150,2023/01/29,381.58,JPY
349,1185,2023/01/10,356.73,JPY
350,1076,2023-01-11,invalid,JPY
351,1044,2023/01/17,291.86,JPY
352,1013,2023/01/12,306.6,USD
353,1076,2023/01/11,183.39,GBP
354,1009,2023-01-07,,GBP
355,1087,2023-01-24,443.35,EUR
356,1153,15-01-2023,495.38,JPY
357,1064,2023/01/24,318.8,JPY
358,1133,2023-01-23,invalid,JPY
359,1131,21-01-2023,,JPY
360,1056,2023-01-24,170.26,JPY
361,1103,2023-01-03,67.0,JPY
362,1083,04-01-2023,230.42,JPY
363,1039,2023/01/10,352.95,USD
364,8394,2023/01/31,442.03,GBP
365,1166,2023-01-06,157.65,JPY
366,1168,2023-01-26,invalid,JPY
367,1114,2023/01/20,333.03,GBP
368,7812,2023/01/31,162.52,JPY
369,1118,21-01-2023,216.29,EUR
370,1162,2023-01-27,372.79,JPY
371,1056,26-01-2023,,JPY
372,1025,2023-01-13,325.69,EUR
373,9907,2023/01/08,298.72,JPY
374,5843,2023-01-26,190.7,USD
375,1064,2023-01-15,341.05,JPY
376,1049,2023/01/17,81.67,USD
377,1188,2023-01-14,326.61,GBP
378,1107,2023/01/14,229.24,JPY
379,1166,2023/01/17,485.23,USD
380,1084,21-01-2023,461.01,USD
381,9894,2023/01/18,74.98,USD
382,5656,28-01-2023,498.77,JPY
383,1094,2023/01/10,387.8,GBP
384,1155,04-01-2023,258.47,GBP
385,1081,06-01-2023,235.76,EUR
386,1056,2023-01-25,126.03,JPY
387,1161,2023/01/05,467.94,JPY
388,1000,2023-01-31,105.11,JPY
389,1076,2023/01/02,invalid,JPY
390,1012,2023/01/17,,JPY
391,1158,03-01-2023,173.86,JPY
392,1034,26-01-2023,,EUR
393,1085,2023-01-25,103.31,EUR
394,1176,2023-01-28,300.52,GBP
395,1128,23-01-2023,448.8,JPY
396,1083,25-01-2023,231.14,USD
397,1146,04-01-2023,,GBP
398,1136,23-01-2023,489.96,JPY
399,1170o,12-01-2023,94.63,USD
400,4068,2023/01/06,480.22,USD
401,1092,2023-01-13,104.38,GBP
402,1116,2023-01-26,88.33,USD
403,5594,05-01-2023,423.86,JPY
404,1093,2023/01/19,,JPY
405,1150,2023/01/09,396.49,USD
406,1157p,25-01-2023,29.65,USD
407,1175,2023/01/04,27.58,GBP
408,1056,2023/01/30,450.26,JPY
409,1050,2023-01-23,,JPY
410,1110,2023/01/12,235.09,JPY
411,1146,19-01-2023,invalid,GBP
412,1156,2023-01-06,465.08,JPY
413,1003,2023-01-14,236.7,JPY
414,1045,2023-01-07,281.52,USD
415,1051,08-01-2023,154.77,EUR
416,1110,2023-01-09,42.24,USD
417,1162r,2023-01-24,343.54,USD
418,1116,2023/01/05,142.8,JPY
419,1163,2023-01-09,272.58,JPY
420,1139,2023-01-22,162.09,GBP
421,5150,2023/01/06,374.04,USD
422,1106,13-01-2023,396.76,USD
423,1086,2023-01-29,334.93,USD
424,1156,2023/01/05,189.79,EUR
425,1071,2023-01-24,94.67,USD
426,1015,2023-01-26,39.53,JPY
427,1063,2023-01-15,365.17,GBP
428,1195,2023/01/13,474.13,EUR
429,1046f,2023-01-27,295.28,EUR
430,1141,2023-01-06,259.94,EUR
431,1130,2023-01-24,158.66,GBP
432,1056,2023/01/12,345.5,GBP
433,1140,15-01-2023,320.95,EUR
434,8785,2023-01-25,360.59,GBP
435,1147x,17-01-2023,437.16,JPY
436,1046,2023/01/12,305.24,GBP
437,1146,2023/01/02,129.61,GBP
438,1147,2023-01-10,,EUR
439,1093a,2023/01/05,265.41,JPY
440,1167n,2023/01/04,invalid,GBP
441,1078,2023/01/08,124.76,JPY
442,1170o,21-01-2023,invalid,GBP
443,1191,2023-01-26,224.95,JPY
444,1096,2023-01-07,356.67,JPY
445,1103,22-01-2023,494.34,JPY
446,1089,2023-01-11,100.79,JPY
447,1198,01-01-2023,172.88,EUR
448,4325,2023/01/11,367.14,JPY
449,1127,2023-01-08,458.7,GBP
450,1157,2023-01-07,68.57,JPY
451,1181,30-01-2023,251.95,USD
452,1014,2023-01-12,204.36,JPY
453,1164,29-01-2023,413.66,JPY
454,1064,2023/01/12,366.36,USD
455,1182,05-01-2023,292.54,JPY
456,1120,24-01-2023,358.42,JPY
457,1179,2023-01-17,,USD
458,1124,2023-01-22,98.21,GBP
459,1167,10-01-2023,,EUR
460,1153,24-01-2023,473.78,USD
461,1098,26-01-2023,235.65,EUR
462,1106,09-01-2023,invalid,GBP
463,8323,2023/01/20,226.85,JPY
464,1035,20-01-2023,423.95,USD
465,1083,2023-01-17,302.81,GBP
466,1075,06-01-2023,266.13,USD
467,1064,2023-01-25,343.14,JPY
468,1119,2023-01-27,168.4,JPY
469,1088,2023/01/27,107.77,JPY
470,3516,2023-01-13,invalid,JPY
471,1027,2023/01/23,,JPY
472,1147,2023-01-30,59.03,USD
473,1197r,21-01-2023,446.15,GBP
474,1037,29-01-2023,233.79,USD
475,1169,08-01-2023,193.79,JPY
476,1176,2023-01-27,155.31,JPY
477,8782,2023/01/04,297.95,GBP
478,1187u,2023-01-05,265.86,GBP
479,1024,2023-01-06,372.41,EUR
480,1093a,2023/01/01,,EUR
481,1063,26-01-2023,394.62,JPY
482,1079,2023/01/03,,USD
483,1153,02-01-2023,239.03,JPY
484,5566,2023-01-22,436.22,GBP
485,1103,07-01-2023,,USD
486,1053,11-01-2023,392.03,USD
487,1188,01-01-2023,,EUR
488,1110,21-01-2023,210.76,GBP
489,1145,2023/01/09,474.19,JPY
490,1163,2023-01-04,205.26,JPY
491,1145,05-01-2023,,EUR
492,1157,2023/01/05,66.91,JPY
493,1094,2023-01-01,111.96,GBP
494,1124,2023-01-09,438.32,USD
495,1065,19-01-2023,,EUR
496,1073,24-01-2023,255.79,EUR
497,1037,2023/01/09,108.08,EUR
498,1107,18-01-2023,449.44,USD
499,1045,22-01-2023,37.06,GBP
500,1069,2023-01-03,91.7,USD
501,1023,2023/01/14,73.29,JPY
502,1021,2023-01-31,,EUR
503,1042,2023/01/18,280.61,GBP
504,1064,2023-01-21,,EUR
505,1089,2023/01/31,205.37,USD
506,1154,2023-01-31,485.8,EUR
507,1003,2023/01/05,136.93,GBP
508,9302,2023-01-29,,EUR
509,1018,2023-01-30,,JPY
510,1196,2023/01/20,338.52,EUR
511,1067,2023/01/07,218.24,JPY
512,1028,2023-01-19,,JPY
513,1157,2023-01-25,454.43,EUR
514,1060,15-01-2023,343.65,EUR
515,5129,2023-01-12,74.3,JPY
516,3420,2023/01/28,343.84,JPY
517,1038,2023/01/26,332.24,JPY
518,1137,2023/01/15,431.24,GBP
519,1009,2023/01/17,424.84,EUR
520,1023,25-01-2023,invalid,USD
521,1046,2023-01-26,,JPY
522,1155,2023-01-31,188.08,JPY
523,1168,2023-01-17,invalid,GBP
524,1153,2023/01/08,113.82,JPY
525,1079,2023/01/06,300.14,GBP
526,1098,2023-01-02,417.46,JPY
527,1150,2023-01-31,267.0,EUR
528,1017,2023/01/29,147.13,USD
529,1151,2023-01-26,75.09,JPY
530,1128c,04-01-2023,228.84,USD
531,9972,2023-01-24,invalid,JPY
532,1179,2023-01-11,154.2,EUR
533,1136,02-01-2023,155.58,JPY
534,1023,2023-01-26,250.57,USD
535,1077,2023-01-16,358.72,USD
536,1052,2023/01/26,425.88,EUR
537,1069,2023/01/24,119.93,USD
538,1084,16-01-2023,163.36,USD
539,1100,2023-01-07,122.61,USD
540,1167,2023/01/12,226.1,EUR
541,1095,30-01-2023,399.43,GBP
542,1019,2023-01-17,63.08,JPY
543,1079,2023-01-23,121.85,EUR
544,1116,05-01-2023,invalid,JPY
545,1153,2023/01/17,423.51,JPY
546,1018,2023/01/19,,EUR
547,6513,2023-01-27,29.75,EUR
548,1025,2023-01-28,,JPY
549,1022,2023-01-18,,JPY
550,1013,2023-01-31,135.64,GBP
551,1055,2023-01-04,,USD
552,1077,2023/01/22,173.78,JPY
553,1147x,2023/01/24,invalid,JPY
554,1137,2023-01-17,invalid,EUR
555,1125,16-01-2023,348.74,GBP
556,1072,2023-01-22,480.25,EUR
557,1118,2023/01/28,366.84,JPY
558,1190,2023-01-08,189.04,JPY
559,1056,2023-01-15,353.2,JPY
560,4545,23-01-2023,172.37,JPY
561,1103,25-01-2023,123.81,JPY
562,1096,2023-01-26,invalid,GBP
563,1174,13-01-2023,384.01,JPY
564,1065t,13-01-2023,302.55,JPY
565,1186,03-01-2023,,JPY
566,1140,2023-01-16,419.79,EUR
567,1169,2023-01-07,247.49,USD
568,1097,2023/01/06,,JPY
569,4629,2023-01-08,438.34,GBP
570,1062,2023-01-09,386.67,JPY
571,1188,2023-01-15,95.6,GBP
572,1126,2023-01-27,47.15,GBP
573,6210,2023-01-18,137.82,USD
574,1030,2023/01/13,270.62,EUR
575,1044,2023/01/13,363.06,EUR
576,1032,2023-01-18,24.25,USD
577,1156g,2023/01/03,,EUR
578,1055,2023-01-07,282.14,GBP
579,1092,2023/01/03,93.53,GBP
580,1064,2023/01/24,73.96,JPY
581,1155,2023/01/10,99.96,JPY
582,1153,24-01-2023,351.6,USD
583,5011,2023/01/06,255.16,USD
584,1110,16-01-2023,456.73,JPY
585,1072,2023/01/01,,EUR
586,1165,2023/01/09,243.03,USD
587,1105,14-01-2023,136.36,USD
588,1066,2023/01/21,286.05,USD
589,1147x,2023-01-27,invalid,GBP
590,1021,2023-01-24,54.68,JPY
591,1137g,12-01-2023,180.02,JPY
592,1176,2023/01/23,invalid,JPY
593,1151,2023-01-06,312.43,EUR
594,1033,31-01-2023,356.35,USD
595,1096,2023-01-06,67.65,EUR
596,1176,06-01-2023,149.87,JPY
597,1170,2023-01-30,,USD
598,1062,2023-01-11,240.01,JPY
599,1081,2023-01-20,286.13,JPY
600,1181,2023-01-03,98.7,JPY
601,1089,2023/01/10,480.08,JPY
602,1152,2023/01/24,254.77,GBP
603,1072,2023-01-07,184.36,GBP
604,8880,2023-01-06,197.34,USD
605,1072,11-01-2023,490.64,GBP
606,1074,2023/01/26,206.76,EUR
607,1064,2023/01/19,invalid,JPY
608,1118,29-01-2023,213.61,EUR
609,1107,2023/01/24,26.3,USD
610,1012,26-01-2023,61.41,GBP
611,1002,2023-01-03,441.24,USD
612,1005,2023/01/27,47.44,GBP
613,1033,19-01-2023,174.52,JPY
614,1004,2023-01-20,409.03,EUR
615,1121,2023-01-19,260.62,USD
616,1190,2023-01-14,,JPY
617,1080,2023-01-04,281.31,GBP
618,1064,2023-01-23,invalid,JPY
619,1099,2023-01-25,243.74,JPY
620,3324,17-01-2023,280.54,JPY
621,1064,2023-01-10,378.87,EUR
622,1091,2023-01-28,invalid,USD
623,1045,2023-01-11,457.64,GBP
624,1133u,2023/01/13,286.6,USD
625,1090,2023-01-27,83.24,USD
626,1184,2023-01-09,383.23,GBP
627,1078,2023-01-30,320.95,JPY
628,1190,2023/01/28,412.02,EUR
629,1134,07-01-2023,139.08,EUR
630,1081,12-01-2023,346.04,JPY
631,1008,2023-01-31,405.34,JPY
632,1038,2023/01/07,386.75,USD
633,1187,2023/01/01,invalid,USD
634,4374,2023-01-24,invalid,JPY
635,8877,17-01-2023,316.22,JPY
636,1198,13-01-2023,248.27,JPY
637,1029,05-01-2023,384.58,GBP
638,3696,2023/01/05,478.75,GBP
639,1156,11-01-2023,245.76,JPY
640,1123,13-01-2023,151.43,JPY
641,1199,2023/01/07,,USD
642,1170,16-01-2023,,JPY
643,1170o,30-01-2023,invalid,EUR
644,1146,18-01-2023,374.25,USD
645,1152,25-01-2023,480.61,EUR
646,1159,11-01-2023,194.88,USD
647,1089,2023/01/10,,EUR
648,1033,2023/01/04,371.0,JPY
649,1188,2023-01-19,361.88,EUR
650,1188,2023-01-05,267.62,JPY
651,1150,25-01-2023,461.52,USD
652,3543,2023-01-22,138.65,JPY
653,1016,2023/01/12,292.58,EUR
654,1147,03-01-2023,367.89,USD
655,1042,2023-01-31,342.21,JPY
656,1029,2023-01-09,invalid,EUR
657,9235,2023-01-07,invalid,JPY
658,9859,2023-01-24,,GBP
659,1076,2023/01/03,13.02,GBP
660,1150,2023-01-16,invalid,USD
661,1128,2023-01-18,471.42,JPY
662,1048,2023-01-17,37.03,GBP
663,1078,10-01-2023,invalid,JPY
664,1117,20-01-2023,406.09,JPY
665,1081,2023/01/27,133.08,JPY
666,1067,05-01-2023,390.98,EUR
667,1146,21-01-2023,173.55,JPY
668,1055,2023/01/21,29.51,JPY
669,1015,2023-01-01,438.89,EUR
670,1118,2023-01-07,115.84,EUR
671,1179,2023-01-27,175.28,JPY
672,1061,2023-01-07,375.81,EUR
673,1096,08-01-2023,,JPY
674,1012,2023-01-16,invalid,JPY
675,7933,11-01-2023,invalid,GBP
676,1135,2023/01/02,408.9,USD
677,1092,2023/01/01,188.15,USD
678,1197,02-01-2023,411.77,USD
679,1116,2023-01-27,,JPY
680,1093a,29-01-2023,202.22,GBP
681,1031,2023/01/10,225.52,JPY
682,1179,2023-01-11,153.7,EUR
683,1046,2023-01-16,,JPY
684,1085,2023-01-26,162.95,GBP
685,1193,06-01-2023,38.43,GBP
686,1056,17-01-2023,230.54,GBP
687,1179,01-01-2023,233.71,JPY
688,1154f,2023/01/08,130.24,JPY
689,1033,2023-01-07,460.74,GBP
690,1009,2023/01/07,457.31,JPY
691,1073,2023/01/07,166.94,JPY
692,1003,2023-01-05,157.01,JPY
693,1056,2023-01-30,322.02,JPY
694,1025,2023-01-08,379.07,GBP
695,1101,2023/01/30,349.98,GBP
696,1198,05-01-2023,210.03,JPY
697,1076,2023/01/20,48.5,GBP
698,1109,2023-01-12,,JPY
699,1090,2023-01-26,206.69,JPY
700,1092r,2023/01/29,23.48,JPY
701,7118,15-01-2023,413.59,EUR
702,1060,2023/01/17,92.65,GBP
703,1156,2023/01/13,391.24,JPY
704,1004,2023-01-16,,GBP
705,1025,2023/01/25,71.44,USD
706,1109,2023/01/29,10.6,EUR
707,1177,2023-01-06,351.59,EUR
708,1164,2023-01-31,469.78,EUR
709,1064,26-01-2023,286.21,USD
710,1097,2023/01/23,438.89,JPY
711,1185,2023/01/31,,GBP
712,1019,2023/01/13,267.26,JPY
713,1053,2023-01-24,,USD
714,1129,2023-01-16,344.46,GBP
715,1106,2023-01-12,486.5,EUR
716,1170o,2023-01-29,254.82,GBP
717,1051,2023-01-08,invalid,GBP
718,1105,2023-01-01,443.68,USD
719,1129,2023-01-27,142.31,JPY
720,1164,2023/01/04,468.28,EUR
721,1047,2023-01-10,,JPY
722,1071,2023/01/25,426.61,GBP
723,1072,2023/01/17,invalid,EUR
724,1005,2023-01-24,invalid,USD
725,1088,2023-01-02,174.52,JPY
726,1128,25-01-2023,142.79,USD
727,1097,2023/01/19,80.43,USD
728,1118,2023-01-31,,EUR
729,1166,2023/01/10,344.62,JPY
730,1061,2023-01-11,142.09,EUR
731,1065t,2023-01-08,233.57,GBP
732,1060,2023-01-14,328.84,EUR
733,1068s,2023-01-29,174.96,EUR
734,1147,2023-01-06,323.45,USD
735,1118,2023/01/17,243.64,USD
736,1078,2023-01-29,174.13,EUR
737,1118,03-01-2023,489.65,USD
738,5501,2023-01-01,75.1,USD
739,1085,22-01-2023,157.84,EUR
740,1174q,02-01-2023,366.51,EUR
741,1178,2023-01-13,102.47,GBP
742,1157p,2023-01-24,invalid,JPY
743,1027,23-01-2023,117.73,GBP
744,1137g,11-01-2023,201.04,JPY
745,1069,2023-01-28,275.4,USD
746,1170,2023-01-18,215.2,EUR
747,1160,2023/01/10,invalid,USD
748,5126,2023/01/24,398.89,JPY
749,5918,22-01-2023,462.92,GBP
750,1157p,31-01-2023,252.08,GBP
751,4486,30-01-2023,327.79,GBP
752,1066,2023/01/29,59.67,JPY
753,1068s,2023-01-30,118.3,JPY
754,1163,2023-01-28,85.88,EUR
755,1054,20-01-2023,177.65,JPY
756,1087,24-01-2023,92.21,JPY
757,1064,2023/01/22,57.83,JPY
758,1103,19-01-2023,110.3,JPY
759,1068s,2023/01/22,324.88,EUR
760,1154,2023/01/31,88.18,USD
761,1096,2023/01/08,347.32,JPY
762,1162r,2023/01/23,229.53,JPY
763,1162,2023-01-30,270.63,USD
764,1070,2023/01/09,80.11,JPY
765,1128c,2023-01-31,346.4,USD
766,1119,2023-01-24,411.01,GBP
767,1044,2023-01-03,297.05,GBP
768,1008,2023-01-23,69.48,USD
769,1197r,2023/01/10,,EUR
770,1031,2023-01-15,invalid,EUR
771,1098,2023-01-17,255.71,EUR
772,1085,2023-01-01,,EUR
773,1142,2023/01/22,490.66,USD
774,8291,2023-01-28,418.72,USD
775,1160,2023/01/31,330.84,JPY
776,1093,2023-01-31,437.23,USD
777,1173,2023-01-02,,JPY
778,1049,2023/01/27,371.29,GBP
779,1182,2023-01-15,338.67,JPY
780,1083,2023-01-24,288.56,JPY
781,1049,2023-01-18,334.79,JPY
782,1164,2023/01/14,466.77,USD
783,1158,2023/01/03,181.58,EUR
784,1186,02-01-2023,173.7,JPY
785,1144,31-01-2023,424.59,JPY
786,1038,2023-01-18,448.73,JPY
787,1163,2023-01-20,158.15,JPY
788,1174q,24-01-2023,67.75,JPY
789,1061,2023-01-09,436.39,GBP
790,1152,2023/01/02,281.41,JPY
791,1146,2023-01-26,77.2,JPY
792,1001,11-01-2023,invalid,JPY
793,1163,2023-01-28,368.45,EUR
794,1170,30-01-2023,319.87,JPY
795,1056,26-01-2023,421.44,EUR
796,1184,2023/01/18,invalid,EUR
797,1085,2023/01/15,276.8,JPY
798,1181,13-01-2023,invalid,JPY
799,1045,2023-01-11,198.88,EUR
800,1186,2023-01-23,313.32,EUR
801,1066,07-01-2023,99.71,USD
802,1170,20-01-2023,101.13,USD
803,1174q,2023-01-18,254.21,USD
804,1064,2023/01/03,418.42,JPY
805,1004,2023/01/24,370.96,JPY
806,4464,2023/01/20,313.35,USD
807,4713,2023/01/15,442.35,USD
808,1139,2023-01-29,355.89,JPY
809,1005,30-01-2023,273.89,EUR
810,1104,2023-01-14,277.56,EUR
811,1017,2023/01/18,invalid,USD
812,1093,07-01-2023,459.74,JPY
813,1160,27-01-2023,156.6,USD
814,1176,2023-01-22,445.49,JPY
815,8485,2023-01-24,46.63,JPY
816,1045,2023-01-20,475.53,JPY
817,1011,2023/01/30,257.25,GBP
818,1030,17-01-2023,30.53,USD
819,1132,2023-01-18,invalid,USD
820,1108,2023/01/08,442.13,JPY
821,1154,2023-01-24,invalid,JPY
822,1154,2023/01/10,,JPY
823,1097,25-01-2023,248.02,EUR
824,1103,2023-01-25,278.98,JPY
825,1069,2023/01/02,323.69,USD
826,3538,2023-01-12,,USD
827,8252,08-01-2023,406.97,EUR
828,1135,2023/01/29,491.71,GBP
829,1013,2023-01-02,37.44,JPY
830,1076,14-01-2023,473.48,JPY
831,1008,15-01-2023,309.38,USD
832,1110q,2023-01-30,285.87,JPY
833,1095,2023/01/28,189.81,JPY
834,1055,02-01-2023,41.05,USD
835,1024,2023/01/31,113.68,JPY
836,1024,2023-01-04,169.26,USD
837,1116,05-01-2023,492.77,GBP
838,1076,14-01-2023,286.31,GBP
839,1197,2023-01-17,332.51,USD
840,1145,2023/01/30,382.25,JPY
841,1125,01-01-2023,412.73,GBP
842,1190m,2023/01/13,437.6,GBP
843,1079,2023-01-08,432.23,USD
844,6934,2023-01-24,,EUR
845,1190,2023-01-11,431.49,JPY
846,1157,2023-01-10,191.31,USD
847,1106,31-01-2023,258.68,JPY
848,1108,2023/01/09,,EUR
849,1137,2023/01/09,65.03,JPY
850,1017,2023-01-27,367.3,JPY
851,1194,2023/01/24,invalid,USD
852,1121,2023/01/29,176.07,USD
853,1164,2023-01-12,11.57,JPY
854,1075,2023-01-05,369.52,JPY
855,1177,2023-01-09,385.43,EUR
856,1130,2023/01/07,,JPY
857,1074,2023-01-23,174.77,JPY
858,1080,2023/01/22,322.86,USD
859,1106,18-01-2023,340.35,JPY
860,1064,2023-01-05,100.24,GBP
861,1012,2023-01-03,301.15,GBP
862,1061,2023/01/21,367.19,JPY
863,1115,2023/01/30,,JPY
864,1154f,2023/01/26,39.35,USD
865,1190m,26-01-2023,226.23,EUR
866,1147,20-01-2023,190.36,EUR
867,1163,08-01-2023,167.02,USD
868,1184,2023/01/11,194.06,EUR
869,1123,2023/01/06,,USD
870,5562,2023/01/19,274.46,JPY
871,1030,2023-01-02,477.03,GBP
872,8496,2023-01-17,491.52,JPY
873,1176,2023/01/28,invalid,JPY
874,1146,02-01-2023,98.81,GBP
875,1017,2023-01-28,invalid,EUR
876,1101,2023/01/23,299.82,EUR
877,1052,2023-01-20,427.08,JPY
878,1143,2023/01/27,419.53,GBP
879,1067,2023/01/15,360.88,EUR
880,4795,2023-01-09,287.89,JPY
881,1196,2023-01-23,127.13,JPY
882,1011,2023/01/07,79.96,USD
883,1129,2023/01/01,13.64,JPY
884,3951,2023/01/21,289.82,JPY
885,1064,2023/01/06,257.92,GBP
886,1001,2023-01-02,378.84,JPY
887,1016,2023-01-29,122.31,EUR
888,1054,2023-01-18,invalid,JPY
889,1030,19-01-2023,388.81,JPY
890,1109,27-01-2023,196.61,GBP
891,1133u,2023-01-05,212.91,JPY
892,1120,2023/01/02,119.23,EUR
893,1060,2023/01/16,441.91,JPY
894,1009,2023/01/10,168.62,EUR
895,1169,18-01-2023,131.45,USD
896,1026,2023-01-17,21.69,GBP
897,1183,2023/01/26,358.09,JPY
898,1179,21-01-2023,297.28,GBP
899,1073,16-01-2023,324.26,USD
900,1055,27-01-2023,invalid,EUR
901,1136,2023/01/24,182.04,JPY
902,1165,2023/01/24,,GBP
903,1090,25-01-2023,318.88,USD
904,1155,04-01-2023,232.66,USD
905,1158,02-01-2023,80.57,EUR
906,1001,2023-01-14,354.34,GBP
907,1167n,2023-01-01,489.9,GBP
908,1147x,2023/01/15,294.94,JPY
909,1088,2023/01/12,121.19,EUR
910,1156,28-01-2023,252.77,EUR
911,6228,2023/01/08,,USD
912,1089,2023-01-11,388.03,JPY
913,1157,2023/01/13,invalid,JPY
914,1150,11-01-2023,344.66,JPY
915,1011,2023-01-13,206.02,JPY
916,1077q,2023/01/02,404.32,USD
917,1091,25-01-2023,473.38,JPY
918,1046,26-01-2023,314.24,GBP
919,1058,06-01-2023,355.43,JPY
920,1149,2023-01-14,,JPY
921,1109,2023-01-27,244.04,USD
922,1039,2023-01-03,101.32,EUR
923,1147,2023-01-24,494.12,JPY
924,1101,2023/01/03,21.82,GBP
925,1080,2023/01/29,199.78,JPY
926,1187u,2023-01-23,408.55,EUR
927,1143,22-01-2023,28.92,JPY
928,1170o,31-01-2023,387.97,JPY
929,1026,2023-01-03,317.37,JPY
930,1179,2023/01/06,449.92,USD
931,1128c,2023-01-05,243.9,EUR
932,1185,2023/01/22,,JPY
933,1100,2023-01-10,404.73,USD
934,5409,2023-01-15,383.87,JPY
935,1090,08-01-2023,425.82,USD
936,1082,14-01-2023,308.68,USD
937,1077q,19-01-2023,495.41,JPY
938,1020,26-01-2023,415.59,EUR
939,1024,2023/01/13,207.48,USD
940,1105,2023-01-15,,USD
941,1100,2023/01/09,392.61,JPY
942,3543,2023-01-15,74.22,JPY
943,1186,2023-01-16,256.24,JPY
944,1042,04-01-2023,43.63,JPY
945,1033,2023/01/29,462.25,USD
946,1037,29-01-2023,200.09,USD
947,1045,2023-01-14,285.15,JPY
948,1108,06-01-2023,35.71,EUR
949,1101,2023/01/17,492.95,JPY
950,1098,2023-01-20,446.15,USD
951,1157p,2023/01/25,487.99,GBP
952,1170,07-01-2023,476.08,JPY
953,9656,2023-01-30,invalid,JPY
954,1064,09-01-2023,79.42,JPY
955,1033,20-01-2023,306.05,USD
956,1176,2023-01-14,66.11,USD
957,3648,2023-01-30,471.31,USD
958,4311,2023/01/01,220.74,EUR
959,1130,2023/01/06,24.51,GBP
960,1098,09-01-2023,320.35,USD
961,1120,29-01-2023,408.39,USD
962,1075,2023/01/04,173.32,GBP
963,1003,2023-01-23,213.7,JPY
964,1141,2023-01-14,415.98,EUR
965,1189,17-01-2023,486.64,EUR
966,8974,22-01-2023,invalid,EUR
967,1141,2023/01/13,255.2,GBP
968,1197r,2023-01-19,295.66,USD
969,1009,19-01-2023,73.01,JPY
970,5112,2023-01-10,119.55,JPY
971,1067,18-01-2023,,JPY
972,1133,2023-01-29,22.58,JPY
973,1139,21-01-2023,396.0,GBP
974,1198,2023-01-22,invalid,JPY
975,1064,2023-01-20,98.45,JPY
976,1107,2023/01/31,368.66,JPY
977,1064,2023-01-31,54.3,EUR
978,1070,30-01-2023,326.06,JPY
979,1066,2023-01-21,385.16,EUR
980,1195,2023/01/30,344.69,JPY
981,1104,2023/01/13,119.37,JPY
982,1103,2023-01-03,55.7,GBP
983,1169,2023-01-10,117.53,GBP
984,8145,2023/01/09,invalid,EUR
985,1147x,2023/01/06,234.51,EUR
986,1003,16-01-2023,236.6,USD
987,1033,21-01-2023,invalid,GBP
988,1154,17-01-2023,249.79,GBP
989,7628,27-01-2023,121.32,EUR
990,1162r,23-01-2023,468.01,GBP
991,1014,30-01-2023,74.6,JPY
992,1061,2023-01-02,111.37,JPY
993,8469,11-01-2023,,JPY
994,1126,2023-01-01,210.98,JPY
995,1066,2023/01/25,414.87,JPY
996,1092r,22-01-2023,275.96,JPY
997,1124,2023/01/08,invalid,EUR
998,1006,2023/01/14,463.91,JPY
999,1007,12-01-2023,75.32,USD
1000,1053,2023-01-30,165.79,EUR
